recno,[RP2006],st,Name,RAJ2000,DEJ2000,DiamHa,HRV,e_HRV,e_HRV2,Com
1,1695,T,RPJ 045233-700043,73.14154166666665,-70.01213888888888,11.5,267.6,,1.4,"e, b"
2,1758,T,RPJ 045345-695758,73.43783333333333,-69.96630555555555,10.0,273.3,,1.6,"c, b"
3,1636,T,RPJ 045353-704455,73.47383333333332,-70.74874999999999,5.0,249.9,18.4,,"e, f, H{alpha} only"
4,1714,T,RPJ 045403-693320,73.51483333333333,-69.55577777777776,5.0,278.0,,1.0,"c, b, s, p"
5,1716,P,RPJ 045424-692942,73.60204166666665,-69.49513888888887,27.0,255.0,21.0,,"e, b central zones"
6,1783,P,RPJ 045433-692035,73.64074999999998,-69.34324999999998,7.4,240.1,,2.6,"c, s, b, known els, VLE"
7,1659,T,RPJ 045446-701850,73.69504166666665,-70.314,6.0,245.3,20.7,,"e, f, H{alpha} only"
8,1709,T,RPJ 045453-693619,73.72133333333332,-69.60549999999999,8.0,273.1,,1.1,"c, f, H{alpha} only"
9,1748,T,RPJ 045503-693210,73.76324999999999,-69.53613888888889,4.5,246.9,16.0,,"e, f, H{alpha} only in HII"
10,1756,T,RPJ 045513-690019,73.80466666666666,-69.00541666666666,6.0,272.9,,1.0,"e, f, H{alpha} only"
11,1694,T,RPJ 045534-700220,73.89474999999999,-70.03897222222221,4.0,245.4,,0.9,"e, f, diffuse, H{alpha} only"
12,1731,T,RPJ 045646-691928,74.19349999999999,-69.32449999999999,6.3,249.3,,1.5,"e, s, halo to west, H{alpha} only"
13,1922,T,RPJ 045728-665347,74.36691666666665,-66.89658333333333,2.7,264.9,33.7,,"e, f, diffuse, weak H{alpha}"
14,1921,T,RPJ 045733-665258,74.388375,-66.88291666666666,3.4,321.0,22.7,,"e, f, s, H{alpha} only"
15,1712,T,RPJ 045751-693333,74.46483333333332,-69.55919444444443,3.6,201.7,,2.0,"c, f, H{alpha} only"
16,1740,T,RPJ 045754-691421,74.47524999999999,-69.23933333333332,4.2,272.4,,1.9,"c, s, b, H{alpha} only"
17,1872,L,RPJ 045828-675646,74.61812499999999,-67.94616666666666,4.0,,,,"'hour-glass', H{alpha} only, halo"
18,1807,T,RPJ 045829-685210,74.62170833333332,-68.86955555555555,4.4,316.3,,1.3,"'hour-glass', f, H{alpha} only"
19,1808,L,RPJ 045830-685214,74.62616666666666,-68.87077777777777,2.2,,,,"e, f, s, H{alpha} only"
20,1805,T,RPJ 045855-685036,74.73062499999999,-68.84338888888888,5.0,291.0,18.8,,"c, f, diffuse, H{alpha} only, near stars"
21,1803,T,RPJ 045855-685301,74.73249999999999,-68.88377777777777,7.4,301.2,,1.4,"e, f, diffuse"
22,1876,T,RPJ 045859-675241,74.74699999999999,-67.8782222222222,3.0,202.3,,2.3,"c, f, s, H{alpha} only"
23,1930,P,RPJ 045920-664559,74.83558333333332,-66.76658333333333,3.0,352.0,,39.0,"e, f, s, H{alpha} only"
24,1725,T,RPJ 045934-692242,74.89191666666666,-69.37838888888888,5.0,261.9,17.9,,"c, b, H{alpha} only, in HII stream"
25,1904,T,RPJ 045937-671805,74.90770833333332,-67.30138888888888,7.6,299.6,34.7,,"c, b, star to west"
26,1697,T,RPJ 050026-695607,75.10887499999998,-69.93533333333332,10.0,224.9,15.4,,"e, diffuse, p,"
27,1691,P,RPJ 050032-700049,75.13429166666666,-70.0136111111111,4.0,267.8,,0.4,"e, f, H{alpha} only, VLE"
28,1631,T,RPJ 050034-705200,75.14358333333332,-70.86669444444443,3.3,293.3,18.0,,"c, s, b, H{alpha} only"
29,1742,T,RPJ 050047-691122,75.19820833333333,-69.18944444444443,9.0,260.4,17.7,,"e, p, stars near"
30,1813,T,RPJ 050052-684717,75.21720833333332,-68.7881111111111,4.0,298.6,,1.1,"c, f, H{alpha} only, between 3 stars"
31,1868,T,RPJ 050058-680748,75.24270833333333,-68.13008333333332,2.3,291.2,15.4,,"c, s, b, H{alpha} only"
32,1864,T,RPJ 050108-681337,75.28333333333332,-68.2271111111111,5.5,243.5,,2.7,"e, s, b, H{alpha} only"
33,1664,L,RPJ 050118-701251,75.32512499999999,-70.21433333333333,8.7,225.2,52.0,,"c, b"
34,1638,T,RPJ 050135-704440,75.39724999999999,-70.7446111111111,5.0,287.2,,1.7,"e, f, H{alpha} only"
35,1938,T,RPJ 050142-663556,75.42599999999999,-66.59897222222222,5.0,296.7,24.1,,"c, s, f, H{alpha} only"
36,1721,T,RPJ 050148-692413,75.45145833333332,-69.40366666666665,5.0,269.9,,1.2,"e, p, halo"
37,1743,T,RPJ 050203-690945,75.51549999999999,-69.16263888888888,5.0,248.0,,1.0,"c, b, p"
38,1900,T,RPJ 050204-673343,75.51933333333332,-67.56211111111111,4.7,278.1,23.9,,"e, s, H{alpha} only"
39,1791,T,RPJ 050216-690403,75.56720833333333,-69.06752777777777,5.3,290.9,20.1,,"e, s, b, + star"
40,1853,T,RPJ 050230-682848,75.62791666666665,-68.48008333333333,9.0,279.3,,1.4,"e, b, + star"
41,1749,T,RPJ 050240-690423,75.66845833333332,-69.07319444444444,6.2,275.5,,1.1,"irreg, diffuse, H{alpha} only"
42,1660,T,RPJ 050253-701808,75.72299999999998,-70.30224999999999,6.0,262.2,,1.1,"c, s, b, H{alpha} only"
43,1771,T,RPJ 050311-700744,75.79704166666666,-70.12899999999999,5.2,259.4,26.9,,"e, b, in HII"
44,1705,T,RPJ 050335-694201,75.89658333333333,-69.70041666666665,4.5,259.4,,1.3,"e, f, H{alpha} only"
45,1796,P,RPJ 050345-690341,75.94016666666666,-69.06155555555554,3.2,291.8,,2.7,"c, s, VLE, H{alpha} only"
46,1934,T,RPJ 050345-663915,75.94041666666665,-66.65433333333333,8.0,336.1,51.3,,"e, H{alpha} only, bp"
47,1760,T,RPJ 050351-685723,75.96445833333333,-68.95658333333333,12.0,,,,"c, b, hidden"
48,1615,P,RPJ 050415-710717,76.06412499999999,-71.12138888888887,4.8,243.9,15.2,,"e, p, in HII region"
49,1720,T,RPJ 050419-692548,76.07983333333333,-69.43008333333333,9.7,256.9,,1.4,"e, b, poss bp"
50,1886,T,RPJ 050421-673809,76.08795833333332,-67.63583333333332,10.0,285.7,,4.2,"c, b"
51,1634,P,RPJ 050424-704719,76.10079166666665,-70.7886111111111,4.0,238.6,20.8,,"c, f, s, H{alpha} only, in HII"
52,1727,T,RPJ 050431-691928,76.13308333333332,-69.32444444444444,3.0,265.9,,2.4,"c, b, s, H{alpha} only"
53,1878,T,RPJ 050434-675221,76.14254166666666,-67.87269444444443,5.3,252.2,,1.9,"c, s, b, p"
54,1773,T,RPJ 050435-700618,76.14612499999998,-70.10524999999998,4.0,244.7,15.1,,"e, s, H{alpha} only"
55,1726,T,RPJ 050436-692304,76.15149999999998,-69.38466666666666,5.0,244.1,,1.5,"e, s, H{alpha} only, close stars"
56,1923,P,RPJ 050440-664947,76.16824999999999,-66.82997222222221,12.0,,,,"c, fading halo"
57,1718,T,RPJ 050441-692925,76.17295833333333,-69.49041666666666,6.0,255.6,,1.2,"e, f, H{alpha} only"
58,1696,T,RPJ 050446-695508,76.19524999999999,-69.91894444444443,5.4,275.8,,1.2,"c, b, H{alpha} only"
59,1933,P,RPJ 050447-664030,76.19724999999998,-66.67508333333332,18.0,302.2,27.1,,"e, b, large"
60,1676,T,RPJ 050454-704309,76.22779166666666,-70.71930555555555,3.2,272.2,23.4,,"e, s, + star"
61,1675,L,RPJ 050454-704332,76.22808333333332,-70.72574999999999,8.0,,,,"e, hidden between 2 stars"
62,1819,T,RPJ 050510-684308,76.29449999999999,-68.71908333333333,6.0,274.9,,1.3,"e, b, p"
63,1624,T,RPJ 050531-710206,76.37958333333333,-71.03502777777777,7.0,234.3,,1.0,"c, f, diffuse, H{alpha} only"
64,1649,P,RPJ 050551-703443,76.46499999999999,-70.57863888888888,2.2,242.1,,1.1,"e, s, p"
65,1719,T,RPJ 050600-692830,76.50154166666665,-69.47502777777777,3.0,262.3,,1.7,"e, f, H{alpha} only"
66,1753,T,RPJ 050619-690159,76.57937499999998,-69.03316666666666,4.0,285.1,16.7,,"e, s, H{alpha} only"
67,1189,T,RPJ 050622-704155,76.59354166666665,-70.69872222222222,6.7,261.3,,0.9,"c, p, ring"
68,1823,T,RPJ 050626-684430,76.61062499999998,-68.74177777777777,9.2,261.6,,0.9,"c, s"
69,1822,L,RPJ 050638-684440,76.65837499999999,-68.74469444444443,16.7,271.8,,1.4,"irreg, b, stars hide centre"
70,1835,T,RPJ 050644-683813,76.68466666666666,-68.63713888888888,10.4,244.0,,1.3,"e, b, + star"
71,1759,T,RPJ 050651-685716,76.71545833333332,-68.95444444444443,6.0,240.4,,1.7,"c, b, H{alpha} only"
72,1811,P,RPJ 050701-684659,76.7545,-68.78319444444443,5.0,270.1,,0.9,"poss c, hidden"
73,1739,T,RPJ 050706-691329,76.77583333333332,-69.22494444444443,4.0,251.6,,1.9,"c, s, p, half hidden"
74,1179,T,RPJ 050725-704845,76.85612499999999,-70.81258333333332,8.5,247.2,,0.6,"e, b, s, H{alpha} only, close stars"
75,1848,T,RPJ 050735-682832,76.89629166666666,-68.47574999999999,15.0,230.4,20.0,,"c, b,"
76,1284,T,RPJ 050744-693326,76.93479166666665,-69.55733333333332,4.0,306.3,,0.9,"c, b, H{alpha} only"
77,1862,T,RPJ 050747-681859,76.94620833333332,-68.31655555555555,14.0,255.4,,1.1,"c, b, half hidden, halo"
78,1208,T,RPJ 050750-701705,76.95995833333332,-70.2848611111111,10.8,234.5,15.2,,"c, ring, H{alpha} only"
79,1310,T,RPJ 050806-690854,77.02887499999999,-69.14844444444444,4.4,255.8,16.9,,"c, s, H{alpha} only"
80,1300,P,RPJ 050827-692526,77.11504166666666,-69.42397222222222,20.0,230.5,,1.3,"irreg, b centre, large"
81,1323,T,RPJ 050840-685822,77.16895833333332,-68.97294444444444,2.9,286.5,18.3,,"c, s, H{alpha} only"
82,1532,T,RPJ 050844-675352,77.18616666666665,-67.89797222222221,6.0,289.1,18.5,,"e, b, p, halo"
83,1303,T,RPJ 050847-692212,77.19833333333332,-69.37008333333333,3.3,252.1,,0.9,"e, p, s"
84,1550,T,RPJ 050849-684404,77.20495833333332,-68.73469444444443,7.0,262.2,,1.0,"e, p, in HII"
85,1324,T,RPJ 050852-690010,77.21991666666666,-69.00302777777777,7.3,288.9,17.1,,"e, b, partly hidden"
86,1426,T,RPJ 050902-685103,77.26245833333333,-68.85097222222221,3.6,264.6,16.1,,"c, s, H{alpha} only"
87,1309,T,RPJ 050908-691245,77.28679166666666,-69.2126111111111,5.0,247.8,6.3,,"e, b, H{alpha} only"
88,1559,P,RPJ 050911-673401,77.29662499999999,-67.56713888888888,2.6,,,,"p, VLE, H{alpha} only"
89,1444,T,RPJ 050915-684358,77.31520833333332,-68.73283333333332,6.6,259.1,,1.0,"c, b"
90,1304,T,RPJ 050915-692143,77.31549999999999,-69.36213888888888,4.0,237.1,,1.1,"c, b, s, H{alpha} only"
91,1296,T,RPJ 050927-692351,77.36304166666666,-69.39758333333333,10.0,252.9,,0.9,"e, diffuse, f, H{alpha} only"
92,1242,P,RPJ 050945-701234,77.44124999999998,-70.20952777777777,3.6,231.6,,0.8,"c, s, H{alpha} only"
93,1314,T,RPJ 050948-690427,77.45287499999999,-69.07441666666665,6.0,249.3,,0.8,"e, f, diffuse, H{alpha} only"
94,1456,T,RPJ 050951-683708,77.46458333333332,-68.61888888888888,4.5,279.6,18.3,,"c, b, s, H{alpha} only"
95,1188,T,RPJ 051006-704335,77.52583333333332,-70.72641666666665,4.0,242.8,,1.1,"e, b, H{alpha} only"
96,1446,T,RPJ 051010-684256,77.54195833333333,-68.71563888888888,10.0,273.0,,1.2,"irreg, diffuse, f, p"
97,1443,T,RPJ 051023-684618,77.59866666666666,-68.77166666666666,6.0,265.6,17.2,,"c, b, H{alpha} only, near b star"
98,1267,T,RPJ 051028-695525,77.61675,-69.92377777777777,12.5,275.0,,0.8,"irreg, f, assoc. stars"
99,1190,T,RPJ 051059-703745,77.74933333333333,-70.62941666666666,4.7,229.5,18.8,,"e, b, H{alpha} only"
100,1418,T,RPJ 051126-685715,77.86133333333332,-68.95430555555555,4.0,252.2,15.2,,"e, s, H{alpha} only"
101,1502,T,RPJ 051135-681727,77.89833333333333,-68.29083333333332,6.0,244.2,,0.7,"e, b high [N ii]/H{alpha}"
102,1315,T,RPJ 051144-690520,77.93629166666666,-69.08902777777777,4.7,282.5,,0.8,"e, b, bp, H{alpha} only"
103,1474,T,RPJ 051145-683109,77.93749999999999,-68.51916666666666,6.0,260.3,,1.0,"irreg, f, diffuse, H{alpha} only"
104,1289,T,RPJ 051146-693040,77.94208333333333,-69.5111111111111,6.0,251.3,,1.7,"e, b, s"
105,1523,T,RPJ 051149-675922,77.9545,-67.98949999999999,4.0,254.0,,0.6,"c, b, s, H{alpha} only"
106,1283,P,RPJ 051157-693729,77.98866666666666,-69.62472222222222,10.0,242.0,,0.8,"irreg, f, diffuse, + star"
107,1587,T,RPJ 051216-664937,78.069875,-66.82697222222221,4.5,239.6,,1.2,"c, f, H{alpha} only"
108,1308,T,RPJ 051229-691402,78.12491666666665,-69.23402777777777,2.7,239.0,18.3,,"e, b, s, H{alpha} only"
109,1317,T,RPJ 051232-690452,78.13604166666666,-69.08133333333332,10.0,296.2,,1.0,"e, b, H{alpha} only, partly hidden"
110,1462,T,RPJ 051241-683332,78.17287499999999,-68.55905555555555,4.2,278.9,,0.8,"c, f, diffuse, H{alpha} only"
111,1281,P,RPJ 051250-694152,78.21095833333332,-69.6978611111111,6.0,276.8,,1.9,"f, diffuse, behind star"
112,1416,T,RPJ 051304-685812,78.26808333333332,-68.97013888888888,6.6,221.1,10.9,,"irreg, f, diffuse"
113,1447,T,RPJ 051324-684315,78.35358333333332,-68.72102777777776,4.5,253.1,,0.8,"irreg, f, diffuse, H{alpha} only"
114,1345,T,RPJ 051331-693025,78.38145833333333,-69.50697222222222,3.6,257.8,6.5,,"e, s, H{alpha} only"
115,1601,P,RPJ 051353-672017,78.47487499999998,-67.3381111111111,4.2,306.5,32.2,,"e, s, near star, VLE"
116,1488,T,RPJ 051357-682507,78.48774999999999,-68.41874999999999,6.0,304.4,,3.6,"e, s, H{alpha} only, bp"
117,1241,T,RPJ 051402-701532,78.50874999999999,-70.25899999999999,4.6,255.0,15.5,,"c, b, s, H{alpha} only"
118,1191,T,RPJ 051404-703751,78.52008333333332,-70.63094444444444,5.3,235.0,22.1,,"e, b"
119,1168,T,RPJ 051412-705533,78.55075,-70.92591666666665,5.0,229.6,,1.0,"c, b, H{alpha} only"
120,1463,T,RPJ 051423-683456,78.59679166666666,-68.58233333333332,4.0,274.5,,0.6,"c, f, diffuse, H{alpha} only"
121,1387,T,RPJ 051449-691908,78.70499999999998,-69.31897222222221,7.4,264.2,19.4,,"c, s, b"
122,1288,T,RPJ 051501-693219,78.75754166666665,-69.53869444444443,4.7,287.4,,0.8,"e, b, H{alpha} only"
123,1465,T,RPJ 051505-683655,78.77145833333333,-68.61544444444444,2.0,270.2,,1.8,"c, s, H{alpha} only"
124,1336,T,RPJ 051539-691332,78.91437499999999,-69.2256111111111,7.7,236.3,19.1,,"semi-c, H{alpha} only"
125,1512,L,RPJ 051540-680628,78.92037499999999,-68.10788888888888,4.0,259.4,,2.2,"c, weak H{alpha}"
126,1519,T,RPJ 051549-680445,78.95745833333332,-68.07938888888889,6.2,302.4,,0.8,"c, f, diffuse, H{alpha} only"
127,1440,T,RPJ 051555-684503,78.98095833333332,-68.7508611111111,4.3,292.2,,0.5,"irreg, diffuse, f, H{alpha} only"
128,1378,T,RPJ 051611-692036,79.04595833333332,-69.34347222222222,6.1,264.3,,0.7,"e, b, bp"
129,1240,T,RPJ 051638-701411,79.16120833333332,-70.23649999999999,4.0,234.0,,2.2,"e, f, H{alpha} only"
130,1415,T,RPJ 051642-685541,79.17520833333332,-68.92813888888888,7.0,249.0,,1.4,"c, s, b, halo"
131,1508,L,RPJ 051652-681001,79.21983333333333,-68.16716666666666,3.6,238.1,17.8,,p
132,1337,T,RPJ 051654-691845,79.22770833333333,-69.31258333333332,5.3,257.3,,0.8,"c, b, H{alpha} only"
133,1376,T,RPJ 051704-690051,79.26916666666665,-69.01422222222222,5.6,269.3,,1.0,"c, f, H{alpha} only"
134,1438,T,RPJ 051717-684650,79.32187499999999,-68.78058333333333,3.8,280.1,,1.0,"c, p"
135,1439,P,RPJ 051719-684640,79.32995833333332,-68.77788888888888,2.4,314.0,,2.0,"e, s, weak in H{alpha}"
136,1186,T,RPJ 051746-704119,79.44404166666665,-70.68880555555555,6.0,211.6,,1.6,"e, b, H{alpha} only, east of RP1185"
137,1185,L,RPJ 051747-704118,79.44995833333333,-70.68847222222222,8.0,,,,"e, ring-shape, H{alpha} only"
138,1375,P,RPJ 051815-691621,79.56283333333332,-69.27258333333333,3.4,257.3,17.5,,"e, VLE, H{alpha} only"
139,1259,T,RPJ 051823-700132,79.59941666666666,-70.02577777777776,5.0,258.6,,0.8,"e, f, star west"
140,1207,T,RPJ 051824-702142,79.60241666666666,-70.36183333333332,4.0,262.9,,1.3,"c, b, H{alpha} only"
141,1584,T,RPJ 051837-665645,79.65504166666666,-66.94591666666666,3.0,320.0,,2.3,"c, s, f, H{alpha} only"
142,1528,T,RPJ 051847-675739,79.69641666666665,-67.96102777777777,3.0,329.7,,2.8,"c, p, weak H{alpha}"
143,1338,T,RPJ 051855-693559,79.73120833333333,-69.59977777777777,6.3,257.1,17.7,,"e, b, p"
144,1201,L,RPJ 051900-702744,79.75204166666666,-70.46230555555555,4.7,214.8,,2.0,"irreg, f, H{alpha} only, 3 stars"
145,1148,T,RPJ 051901-711535,79.75549999999998,-71.25988888888888,10.0,243.9,18.2,,"irreg, f, diffuse, H{alpha} only"
146,1495,P,RPJ 051906-682134,79.77866666666665,-68.35955555555554,23.0,292.9,21.1,,"c, b"
147,1595,T,RPJ 051916-664000,79.81745833333332,-66.66691666666665,2.5,293.6,,2.6,"c, s, f, H{alpha} only"
148,1196,T,RPJ 051916-703237,79.818125,-70.54374999999999,4.0,201.1,,1.0,"c, b"
149,2194,P,RPJ 051918-694717,79.82683333333333,-69.7881111111111,17.9,,,,"c, large, b"
150,1429,T,RPJ 051918-684911,79.82758333333332,-68.81983333333332,3.3,264.1,,0.9,"c, H{alpha} only"
151,1579,T,RPJ 051927-670544,79.86424999999998,-67.0956111111111,3.4,238.4,,0.9,"s, f, diffuse, H{alpha} only"
152,1184,T,RPJ 051931-704351,79.88054166666666,-70.7309722222222,6.8,240.9,,1.1,"c, f, H{alpha} only"
153,1192,T,RPJ 051956-703903,79.98654166666665,-70.651,2.0,319.2,17.3,,"c, f"
154,1371,T,RPJ 051958-694623,79.99179166666666,-69.77313888888888,4.4,250.5,,1.3,"c, s, p"
155,1197,T,RPJ 052009-703223,80.04162499999998,-70.53988888888888,4.0,268.0,23.7,,"c, s, H{alpha} only"
156,1341,T,RPJ 052011-694028,80.04937499999998,-69.6745,7.4,273.2,,0.7,"e, b, + star"
157,1434,L,RPJ 052016-684510,80.07016666666665,-68.75280555555554,2.7,304.5,,1.0,"e, s, M-star west"
158,1270,T,RPJ 052017-695407,80.07341666666666,-69.90213888888889,5.3,231.3,,1.1,"e, b"
159,1467,T,RPJ 052020-683421,80.08354166666666,-68.57252777777776,2.6,265.5,,1.5,"c, s, H{alpha} only"
160,1466,P,RPJ 052034-683518,80.14479166666665,-68.5883611111111,6.1,231.4,20.2,,"c, s, b, VLE"
161,1431,L,RPJ 052035-684901,80.14899999999999,-68.81694444444443,2.8,273.2,,0.6,"e, s, weak in H{alpha}"
162,1358,T,RPJ 052049-693413,80.20554166666666,-69.57030555555555,3.0,238.9,,0.4,"semi-c ring, H{alpha} only"
163,1238,L,RPJ 052049-701241,80.20791666666666,-70.21163888888888,6.8,304.5,,1.4,"e, b, poss halo"
164,1354,T,RPJ 052052-695002,80.219,-69.83394444444444,6.0,263.7,,0.5,"f, semi-c ring"
165,1353,T,RPJ 052059-694749,80.24833333333332,-69.79716666666666,9.3,243.3,,1.2,"semi-c H{alpha} ring, small stars"
166,1352,T,RPJ 052100-694907,80.25312499999998,-69.81863888888888,4.2,277.4,,1.5,"c, b, s, partly hidden"
167,1357,T,RPJ 052114-693621,80.30987499999999,-69.60594444444443,6.0,268.3,16.3,,"e, f, H{alpha} only"
168,1246,T,RPJ 052114-700745,80.30987499999999,-70.1293611111111,4.0,229.8,20.2,,"e, f halo"
169,1432,T,RPJ 052115-684823,80.31416666666665,-68.80652777777777,2.0,291.4,,0.7,"c, f, diffuse, H{alpha} only"
170,1245,P,RPJ 052118-700954,80.32708333333332,-70.16499999999999,2.2,,,,"c, f, + star"
171,1540,P,RPJ 052120-674726,80.33616666666666,-67.7906111111111,9.0,304.9,26.7,,"c, b, VLE"
172,1541,L,RPJ 052122-674728,80.34166666666665,-67.79127777777776,3.2,302.2,,1.7,"c, s, H{alpha} only"
173,1534,T,RPJ 052129-675106,80.37354166666665,-67.85183333333332,15.7,299.1,18.8,,"c, b, large"
174,1183,T,RPJ 052133-704548,80.38795833333332,-70.76341666666666,6.7,256.6,,1.1,"c, b, partly hidden"
175,1580,T,RPJ 052141-665931,80.42420833333333,-66.99199999999999,3.0,291.2,16.5,,"c, b, s, H{alpha} only"
176,758,T,RPJ 052147-694315,80.44808333333332,-69.72108333333333,16.8,266.3,22.9,,"e, b"
177,756,P,RPJ 052150-694334,80.46245833333332,-69.72619444444443,6.0,283.2,,1.2,"ireg, f, diffuse"
178,850,T,RPJ 052152-691043,80.47079166666666,-69.17875,4.0,277.5,,1.4,"c, H{alpha} only, star north"
179,900,T,RPJ 052158-685859,80.49504166666665,-68.98322222222221,7.0,291.9,,0.5,"e, diffuse, H{alpha} only"
180,719,P,RPJ 052212-694957,80.54999999999998,-69.83274999999999,6.0,,,,"e, f halo to east"
181,2171,L,RPJ 052216-694127,80.56741666666666,-69.69108333333332,10.7,,,,"'hour-glass' + 2 stars, H{alpha} only"
182,1092,T,RPJ 052217-664350,80.57491666666665,-66.73080555555555,9.5,250.3,,2.4,"c, s, H{alpha} only"
183,980,T,RPJ 052218-680239,80.57724999999999,-68.04422222222222,4.0,296.4,15.2,,"irreg, s, H{alpha} only"
184,717,T,RPJ 052218-694945,80.57887499999998,-69.82924999999999,4.7,252.5,16.4,,"e, H{alpha} only, f halo"
185,714,T,RPJ 052221-700013,80.58849999999998,-70.0038611111111,4.2,292.5,,1.3,"e, f, H{alpha} only"
186,590,T,RPJ 052223-703355,80.59991666666666,-70.56552777777777,4.2,234.5,23.1,,"irreg, f, diffuse"
187,565,P,RPJ 052226-703706,80.61020833333332,-70.61858333333332,2.4,,,,"e, s, f"
188,1093,L,RPJ 052231-664621,80.633,-66.77266666666665,3.5,351.4,44.1,,"poss c, half hidden"
189,686,T,RPJ 052238-700420,80.66220833333333,-70.07222222222221,4.7,245.4,17.5,,"e, p, partly hidden"
190,979,T,RPJ 052238-675508,80.66233333333332,-67.91905555555554,6.0,315.4,17.5,,"c, b, extended halo"
191,757,T,RPJ 052243-693828,80.68308333333333,-69.64113888888888,8.7,254.6,29.4,,"c, b"
192,1113,P,RPJ 052249-664055,80.70749999999998,-66.68208333333332,8.1,323.0,21.7,,"e, VLE, in HII region"
193,926,T,RPJ 052252-683805,80.71991666666665,-68.63477777777777,4.2,219.1,34.0,,"c~e, s"
194,2172,L,RPJ 052254-694036,80.725625,-69.67688888888888,5.3,,,,"poss c, hidden"
195,889,T,RPJ 052307-694004,80.77937499999999,-69.66791666666666,7.5,295.9,20.5,,"e, H{alpha} only, near star"
196,721,T,RPJ 052311-694929,80.79716666666666,-69.82477777777777,7.8,281.8,,1.3,"c, extended halo"
197,676,T,RPJ 052321-701305,80.84033333333332,-70.21805555555555,3.4,269.5,,12.0,"e, s, H{alpha} only"
198,711,P,RPJ 052332-695831,80.88649999999998,-69.97541666666666,3.0,,,,"c, hidden"
199,806,T,RPJ 052352-692309,80.97037499999999,-69.386,9.0,250.1,17.7,,"c ring, f, H{alpha} only"
200,945,T,RPJ 052400-682731,81.00033333333332,-68.4587222222222,3.3,265.5,24.4,,"c, f, H{alpha} only, + star"
201,553,P,RPJ 052401-704046,81.00416666666665,-70.67944444444443,4.0,244.0,24.1,,"c, f, VLE, diffuse"
202,1095,T,RPJ 052404-663502,81.01849999999999,-66.58413888888887,4.3,282.9,,1.0,"c, s, b, H{alpha} only"
203,803,T,RPJ 052409-691947,81.04124999999999,-69.3298611111111,6.0,272.7,,0.7,"c, s, + star"
204,875,T,RPJ 052410-693811,81.04216666666666,-69.63661111111111,12.1,274.7,21.5,,"c, + 2 stars"
205,1112,L,RPJ 052412-672637,81.05116666666666,-67.44375,6.1,310.3,,1.6,"c, f, p"
206,885,T,RPJ 052413-694724,81.05649999999999,-69.79016666666665,3.4,235.2,,2.3,"e, s, H{alpha} only"
207,815,T,RPJ 052418-691813,81.07720833333332,-69.3037222222222,4.0,275.2,15.6,,"c, b, H{alpha} only, some HII"
208,777,P,RPJ 052418-692806,81.07795833333333,-69.46844444444443,5.2,275.1,,0.9,"c, VLE, in HII region"
209,1078,T,RPJ 052421-670516,81.08887499999999,-67.08788888888888,2.7,305.5,,1.2,"c, s, p"
210,872,L,RPJ 052425-693906,81.10491666666665,-69.65174999999999,10.2,,,,"e, b"
211,857,L,RPJ 052432-690006,81.13683333333333,-69.00172222222221,3.4,272.4,,1.3,"p, H{alpha} only"
212,856,T,RPJ 052438-690413,81.16174999999998,-69.07047222222221,11.4,260.0,,17.4,"e, + star, in HII region"
213,678,T,RPJ 052449-701034,81.20712499999999,-70.1763611111111,6.7,259.0,20.2,,"e, p, b"
214,2147,P,RPJ 052458-690304,81.24374999999999,-69.05125,7.3,,,,"c, b, in HII region"
215,723,T,RPJ 052504-694833,81.26754166666666,-69.80930555555554,4.7,281.2,24.9,,"e, H{alpha} only"
216,722,T,RPJ 052514-694949,81.309125,-69.83038888888888,10.1,266.3,,1.0,"irreg, b, H{alpha} only"
217,903,T,RPJ 052541-684746,81.42245833333332,-68.7963611111111,4.8,281.3,,1.1,"e, s, half hidden"
218,727,L,RPJ 052544-695320,81.43608333333333,-69.88902777777777,7.4,277.8,,0.8,"c, s"
219,1111,T,RPJ 052558-672413,81.49216666666665,-67.40377777777776,13.0,297.2,,1.4,"irreg, b, SW of star"
220,671,T,RPJ 052611-701605,81.54674999999999,-70.26813888888888,5.4,249.6,,0.9,"c, H{alpha} only"
221,478,T,RPJ 052612-705855,81.55383333333332,-70.98205555555555,7.0,281.8,,1.7,"e, b"
222,798,L,RPJ 052613-692545,81.55724999999998,-69.42919444444443,4.0,332.5,,5.9,"c, f, + star, weak H{alpha} only"
223,764,T,RPJ 052616-693800,81.56679166666666,-69.63333333333333,6.0,274.1,18.7,,"'hour-glass' shape, p"
224,680,T,RPJ 052625-700754,81.60820833333332,-70.13169444444443,4.0,240.2,16.4,,"e, H{alpha} only"
225,679,T,RPJ 052626-700805,81.60954166666666,-70.13475,9.4,272.0,19.3,,"irreg, H{alpha} only behind stars"
226,1081,T,RPJ 052628-665621,81.620375,-66.93930555555555,5.4,288.1,,1.2,"e, f, H{alpha} only, star to west"
227,919,T,RPJ 052637-684034,81.65470833333332,-68.67622222222221,12.0,266.8,,1.4,"e, bp, H{alpha} only"
228,589,T,RPJ 052637-702907,81.65658333333332,-70.48527777777777,5.3,261.1,,1.8,"c, b, H{alpha} to east"
229,561,T,RPJ 052639-710027,81.66379166666665,-71.00763888888888,4.0,250.5,21.0,,"e, f, H{alpha} only"
230,970,P,RPJ 052642-674505,81.67654166666665,-67.75163888888888,3.8,324.4,,1.9,"cc, VLE, f, diffuse"
231,972,T,RPJ 052647-675035,81.69970833333332,-67.84330555555555,3.4,292.2,21.5,,"c, s, H{alpha} only"
232,971,P,RPJ 052650-674554,81.71016666666665,-67.76513888888888,3.0,312.8,18.7,,"c, s, f, H{alpha} only, VLE-H{alpha}>[OIII]"
233,2143,L,RPJ 052658-6912 5,81.74483333333332,-69.21497222222222,6.0,,,,"e, b, + 2 stars, in HII"
234,594,T,RPJ 052711-702623,81.79595833333332,-70.43980555555555,4.3,285.8,,1.1,"e, f, H{alpha} only"
235,693,L,RPJ 052720-700023,81.83516666666665,-70.00663888888887,12.7,294.2,,0.9,"e, diffuse"
236,687,T,RPJ 052721-700235,81.83829166666665,-70.04330555555555,4.1,273.4,,0.8,"e, H{alpha} only"
237,958,L,RPJ 052728-682052,81.86820833333333,-68.34788888888887,2.2,295.5,29.5,,"c, s, f"
238,474,P,RPJ 052755-705636,81.98120833333333,-70.94333333333333,1.2,215.3,,0.7,"c, s, f, H{alpha} only"
239,473,L,RPJ 052756-705630,81.98520833333332,-70.94183333333332,3.8,,,,"c, s, H{alpha} only"
240,460,P,RPJ 052757-705131,81.98808333333332,-70.85877777777777,6.6,,,,"VLE, f, diffuse"
241,607,T,RPJ 052803-704239,82.01366666666665,-70.71099999999998,4.0,266.3,17.5,,"c, b, H{alpha} only"
242,2180,L,RPJ 052804-685947,82.02054166666666,-68.99641666666666,10.1,,,,"e, b"
243,841,P,RPJ 052808-691021,82.03370833333332,-69.17275,4.0,264.4,16.2,,"c, p"
244,732,T,RPJ 052809-695032,82.03875,-69.84227777777777,4.7,249.4,,2.3,"c~e s, H{alpha} only"
245,1072,T,RPJ 052812-670935,82.05170833333332,-67.15972222222221,,294.6,,1.0,"e, b, H{alpha} only"
246,463,P,RPJ 052819-705259,82.08049999999999,-70.8831111111111,2.0,272.9,,0.6,"e, s, f, H{alpha} only"
247,733,T,RPJ 052830-694814,82.12816666666666,-69.80399999999999,8.0,291.9,17.0,,"e, f, H{alpha} only"
248,1983,P,RPJ 052843-695425,82.18305416666665,-69.90702777777777,,,,,RP695
249,695,T,RPJ 052844-695422,82.18374999999999,-69.90616666666666,5.4,277.9,,0.8,"poss c, hidden"
250,1080,T,RPJ 052846-665440,82.19570833333333,-66.91116666666666,8.0,317.8,,0.8,"e, b, f diffuse halo"
251,2182,P,RPJ 052858-690354,82.24483333333332,-69.06524999999999,10.1,,,,"e, b, in HII region"
252,735,T,RPJ 052905-694657,82.27108333333332,-69.7826111111111,4.6,266.1,,1.0,"e, p"
253,737,T,RPJ 052913-694428,82.30770833333332,-69.7411111111111,3.4,260.2,,1.4,"c, s, f, H{alpha} only"
254,692,T,RPJ 052914-695829,82.31083333333332,-69.97491666666666,7.4,278.8,,1.5,"e, b, 3 close stars"
255,2184,P,RPJ 052921-690220,82.34024999999998,-69.03899999999999,4.3,,,,"e, s, H{alpha} only"
256,887,P,RPJ 052922-690011,82.34329166666666,-69.00327777777777,3.8,272.1,,2.1,"e, s, f, p"
257,736,T,RPJ 052933-694531,82.39124999999999,-69.75861111111111,3.4,263.6,,1.0,"e, f"
258,1090,T,RPJ 052937-664216,82.40799999999999,-66.70469444444444,4.4,270.8,16.1,,"e, b, H{alpha} only east of RP1086"
259,1089,L,RPJ 052938-664217,82.41229166666666,-66.70483333333333,4.0,,,,"e, b, s, H{alpha} only"
260,1088,T,RPJ 052946-664130,82.44166666666665,-66.69174999999998,4.3,280.1,,1.3,"e, s, f, [N ii] only"
261,681,T,RPJ 052946-700735,82.44524999999999,-70.12644444444443,4.7,258.7,,1.0,"e, H{alpha} only"
262,1087,L,RPJ 052947-664130,82.44637499999999,-66.6918611111111,4.0,,,,"e, s, f, H{alpha} only"
263,2193,P,RPJ 052957-705801,82.49008333333332,-70.96699999999998,5.3,,,,"c, s, H{alpha} only in HII region"
264,523,T,RPJ 053005-711347,82.52154166666665,-71.22997222222222,5.0,255.8,,0.7,"c, f, diffuse, H{alpha} only"
265,771,P,RPJ 053009-693445,82.53833333333333,-69.57919444444444,6.1,,,,"e, b, hidden, VLE"
266,427,T,RPJ 053010-704639,82.54529166666666,-70.77763888888887,7.4,263.3,,1.2,"c, b, between 2 stars"
267,865,T,RPJ 053013-690050,82.55466666666665,-69.01388888888889,4.0,284.8,,1.0,"p, b, H{alpha} only"
268,1012,T,RPJ 053022-705848,82.59487499999999,-70.98013888888887,5.0,257.0,16.0,,"e, H{alpha} only, in HII"
269,667,P,RPJ 053026-701501,82.60916666666665,-70.25041666666665,27.0,275.4,,1.5,"c, large, weak H{alpha}"
270,1079,L,RPJ 053033-665741,82.637875,-66.96152777777777,4.0,286.8,,2.4,"c, p"
271,666,T,RPJ 053043-701515,82.67954166666665,-70.25427777777777,7.4,258.9,20.6,,"e, between 2 stars"
272,917,T,RPJ 053044-683853,82.68333333333332,-68.64822222222222,6.0,289.4,,0.7,"c, b, some HII"
273,993,L,RPJ 053054-683422,82.72741666666666,-68.57288888888888,17.0,280.7,,2.3,"irreg, b, 2xp or 2 PNe"
274,1071,P,RPJ 053055-672005,82.73062499999999,-67.33497222222222,7.4,,,,"c, b, + star"
275,701,T,RPJ 053057-694900,82.73924999999998,-69.8168611111111,8.3,259.3,,2.2,"e, 3 stars, H{alpha} only"
276,916,T,RPJ 053059-683542,82.74833333333332,-68.59499999999998,10.0,277.4,,1.9,"irreg, bp or 2 close Pne"
277,833,P,RPJ 053106-691042,82.77641666666665,-69.17849999999999,4.7,273.2,,2.3,"p, VLE"
278,931,P,RPJ 053113-682742,82.80649999999999,-68.4617222222222,5.0,252.7,,1.5,"c, VLE-H{alpha}>[OIII], H{alpha} only"
279,445,L,RPJ 053119-705422,82.832,-70.90616666666666,3.0,248.3,15.0,,"e, f, weak H{alpha}"
280,992,P,RPJ 053120-683134,82.83733333333332,-68.52619444444443,12.0,301.8,,1.3,"irreg, VLE-H{alpha}>[OIII], 2 central p"
281,700,T,RPJ 053129-695042,82.87299999999999,-69.84519444444443,6.4,274.0,,1.0,"e, diffuse, hidden"
282,896,T,RPJ 053134-685245,82.89320833333332,-68.8793611111111,7.2,265.7,,1.0,"c, b, H{alpha} only"
283,524,L,RPJ 053141-711346,82.92424999999999,-71.22963888888889,3.4,243.1,,1.7,"c, f"
284,1068,T,RPJ 053143-672132,82.92945833333332,-67.359,2.0,367.3,,1.1,"c, s, f, H{alpha} only, near star"
285,1069,P,RPJ 053143-672129,82.93212499999998,-67.35805555555555,2.0,,,,"e, s, f, H{alpha} only, close to RP1068"
286,506,P,RPJ 053145-711008,82.93758333333332,-71.16891666666666,3.3,,,,"c, s, f"
287,748,T,RPJ 053147-694541,82.94654166666666,-69.76161111111111,4.7,269.0,,0.9,"e, H{alpha} only"
288,1067,T,RPJ 053148-672108,82.95045833333332,-67.35230555555555,3.4,354.5,,1.5,"c, diffuse, H{alpha} only"
289,1066,L,RPJ 053149-672107,82.95770833333331,-67.35205555555555,2.5,,,,"c, f, H{alpha} only"
290,505,P,RPJ 053150-710955,82.96020833333333,-71.16552777777777,2.3,269.6,,0.4,"c, s, f"
291,1065,P,RPJ 053152-672102,82.96833333333332,-67.35080555555555,2.5,,,,"e, s, H{alpha} only east of star"
292,415,T,RPJ 053157-704646,82.99154166666665,-70.77949999999998,4.7,269.8,,1.7,"c, s, f, H{alpha} only"
293,913,P,RPJ 053212-683924,83.05212499999999,-68.65677777777776,4.0,274.4,,1.5,"c, VLE, s, in HII region"
294,449,P,RPJ 053228-704728,83.11845833333332,-70.79116666666665,2.5,,,,"c, s, p, weak H{alpha}"
295,932,P,RPJ 053228-682531,83.11991666666665,-68.42541666666666,16.0,283.1,,1.7,"c, VLE, f halo"
296,525,T,RPJ 053229-711101,83.12362499999999,-71.18383333333333,7.6,222.7,28.8,,"e, f, H{alpha} only"
297,790,L,RPJ 053233-692456,83.14004166666666,-69.41555555555554,4.0,269.4,17.8,,"c, s"
298,789,T,RPJ 053235-692542,83.14716666666665,-69.42852777777777,4.0,265.6,16.7,,"c, s, H{alpha} only"
299,776,T,RPJ 053239-693152,83.16337499999999,-69.5313611111111,4.0,277.0,33.1,,"c, s, p, in HII region"
300,774,T,RPJ 053239-693049,83.16545833333332,-69.51372222222221,4.7,303.2,,2.0,"c, s, b, some HII"
301,682,P,RPJ 053241-700951,83.17116666666665,-70.16433333333332,8.0,262.3,,0.8,"e, f diffuse halo"
302,441,T,RPJ 053242-703840,83.17841666666665,-70.64458333333333,7.3,240.7,17.2,,"e, f, p"
303,775,T,RPJ 053244-693005,83.18499999999999,-69.50152777777777,6.7,259.3,,3.2,"c, b, half hidden, in HII region"
304,442,T,RPJ 053251-703717,83.21395833333332,-70.62138888888887,4.0,250.0,,1.9,"e, f, s, H{alpha} only"
305,977,P,RPJ 053252-674108,83.21754166666666,-67.68577777777777,6.0,303.4,,1.6,"c, VLE"
306,1006,T,RPJ 053252-701935,83.21829166666666,-70.32638888888889,5.0,273.2,21.3,,"e, f, partly hidden"
307,440,T,RPJ 053254-704146,83.22845833333332,-70.69622222222222,5.5,275.3,,2.1,"e, f, H{alpha} only"
308,791,L,RPJ 053307-692946,83.28174999999999,-69.49613888888888,4.0,260.1,18.6,,"c, s, f, weak H{alpha}"
309,1084,T,RPJ 053308-664806,83.28637499999999,-66.80174999999998,20.0,275.9,,2.9,"c arc, H{alpha} only, near b star"
310,548,T,RPJ 053308-711803,83.28645833333333,-71.30091666666665,4.7,225.7,26.7,,"e, s, p"
311,908,L,RPJ 053323-683933,83.34645833333332,-68.65938888888888,3.8,334.2,21.1,,"c, p, s, stars N & S"
312,604,T,RPJ 053328-712450,83.36720833333332,-71.41408333333332,4.7,199.2,20.3,,"c, f, diffuse, H{alpha} only"
313,603,T,RPJ 053329-712451,83.37341666666666,-71.41419444444443,7.0,258.2,18.2,,"c, f, H{alpha} only"
314,698,L,RPJ 053329-695228,83.37454166666666,-69.87463888888888,10.8,,,,"poss ds, symbiotic-"
315,1106,L,RPJ 053333-672454,83.38799999999999,-67.41499999999999,8.7,297.5,17.7,,"c, b, in HII region"
316,828,P,RPJ 053340-691250,83.41766666666666,-69.21405555555555,6.7,252.0,39.7,,"c, b, some HII"
317,793,T,RPJ 053441-692630,83.67291666666665,-69.44177777777777,2.4,271.6,,1.4,"p, H{alpha} only"
318,907,T,RPJ 053448-684835,83.70004166666665,-68.80977777777777,6.0,283.2,21.5,,"c, b, p, in HII region"
319,499,T,RPJ 053459-710606,83.74766666666666,-71.10188888888888,6.0,251.2,15.9,,"c, s, H{alpha} only"
320,691,T,RPJ 053525-695921,83.85770833333332,-69.98930555555555,7.3,259.4,,1.0,"poss c, hidden"
321,326,P,RPJ 053530-673805,83.875875,-67.63497222222222,8.0,308.1,15.1,,"c, b, in HII region"
322,363,P,RPJ 053544-665122,83.93416666666666,-66.85630555555555,4.8,207.9,,1.8,"c, f, H{alpha} only"
323,530,T,RPJ 053548-710627,83.95283333333332,-71.10752777777776,7.3,265.9,,1.5,"c, p, b"
324,347,T,RPJ 053549-665905,83.95829166666665,-66.98488888888888,8.0,282.8,,1.3,"c, b"
325,883,P,RPJ 053556-690045,83.98674999999999,-69.01258333333332,10.1,282.7,21.0,,"e, p, b"
326,303,P,RPJ 053602-674516,84.00999999999999,-67.7546111111111,4.0,300.1,33.9,,"c, s, f, H{alpha} only, VLE"
327,491,T,RPJ 053611-711719,84.04745833333332,-71.28863888888888,7.3,221.9,15.1,,"c, b"
328,492,P,RPJ 053612-711724,84.05233333333332,-71.29016666666665,8.4,,,,"c, b"
329,315,P,RPJ 053614-685627,84.06179166666665,-68.94094444444444,3.0,272.9,16.9,,"c, in HII region"
330,312,L,RPJ 053621-685545,84.08991666666665,-68.92930555555554,4.0,276.4,15.7,,"c, b, in HII region"
331,577,T,RPJ 053632-702925,84.13683333333333,-70.4905,7.3,226.7,18.7,,"e, f, diffuse, H{alpha} only"
332,232,L,RPJ 053635-692228,84.14674999999998,-69.37463888888888,6.0,271.9,,1.3,"irreg, f, diffuse"
333,683,P,RPJ 053636-700704,84.15033333333332,-70.1179722222222,4.0,272.7,,1.5,"e, f, diffuse, H{alpha} only, VLE"
334,580,T,RPJ 053638-702505,84.15954166666666,-70.41819444444444,6.0,267.1,,1.2,"e, f, diffuse"
335,234,P,RPJ 053641-692208,84.1715,-69.36897222222221,6.0,278.1,42.7,,"e, p, f"
336,328,P,RPJ 053644-673259,84.18529166666666,-67.54977777777776,3.0,280.8,,1.4,"e, f, weak H{alpha}"
337,259,P,RPJ 053648-692644,84.20262499999998,-69.44572222222222,5.0,333.1,17.9,,"c, s"
338,231,L,RPJ 053649-692355,84.20575,-69.39866666666666,4.0,265.4,22.3,,"e, f, in HII region"
339,331,P,RPJ 053656-673356,84.23562499999998,-67.5656111111111,4.0,292.2,15.3,,"e, s, in HII region"
340,265,T,RPJ 053700-692128,84.25329166666666,-69.3578611111111,5.4,271.4,,0.9,"e, p"
341,180,L,RPJ 053701-695436,84.25445833333332,-69.91019444444443,5.4,280.3,,1.4,"c, ds"
342,296,P,RPJ 053704-681442,84.26908333333333,-68.24524999999998,3.0,287.8,,1.8,"c, f, s, H{alpha} only, VLE"
343,641,P,RPJ 053706-694717,84.27658333333332,-69.78816666666665,6.7,277.0,,1.0,"e, VLE, p"
344,228,P,RPJ 053706-692709,84.27770833333332,-69.45258333333332,4.0,284.4,17.5,,"c, f, p"
345,26,T,RPJ 053707-701951,84.28108333333333,-70.33083333333332,4.0,243.4,,0.6,"c, s, H{alpha} only"
346,493,T,RPJ 053710-712313,84.29224999999998,-71.38719444444443,4.0,326.8,17.1,,"e, s"
347,395,L,RPJ 053710-671323,84.29445833333332,-67.22305555555555,4.0,297.7,,1.1,"c, f, s"
348,366,T,RPJ 053713-673415,84.30541666666666,-67.57088888888887,3.5,300.5,18.3,,"e, f, H{alpha} only"
349,352,P,RPJ 053714-662654,84.30970833333332,-66.4485,10.0,291.2,,1.3,"c, b, f halo"
350,148,L,RPJ 053717-700749,84.32229166666666,-70.1303611111111,10.0,260.1,,0.9,"irreg, diffuse, H{alpha} only"
351,299,T,RPJ 053717-675233,84.32449999999999,-67.8761111111111,7.0,286.4,,0.6,"c, f, diffuse, H{alpha} only"
352,1040,T,RPJ 053721-700408,84.33770833333332,-70.06899999999999,4.0,260.0,,0.6,"e, f, H{alpha} only"
353,1037,T,RPJ 053725-694759,84.35524999999998,-69.79994444444444,4.0,266.3,17.5,,"c, s, H{alpha} only"
354,266,P,RPJ 053727-690855,84.36570833333332,-69.14863888888888,9.6,274.8,,1.3,"c, in HII region"
355,147,T,RPJ 053729-700750,84.37199999999999,-70.13080555555554,14.0,,,,"irreg, 3 s stars"
356,25,T,RPJ 053729-701633,84.37266666666666,-70.27583333333332,6.0,287.6,,1.5,"c, b centre"
357,490,P,RPJ 053731-711048,84.38220833333332,-71.18022222222221,6.0,289.3,19.5,,"c, weak H{alpha}"
358,394,T,RPJ 053745-671153,84.44041666666665,-67.19813888888888,3.5,291.9,,1.2,"e, f, H{alpha} only"
359,227,P,RPJ 053746-693153,84.44462499999999,-69.53166666666665,6.7,255.6,15.2,,"e, in HII region"
360,283,P,RPJ 053748-683954,84.45124999999999,-68.66516666666665,4.0,291.6,19.2,,"c, s"
361,87,L,RPJ 053810-703245,84.54395833333332,-70.54597222222222,7.0,270.1,15.3,,"c, H{alpha} behind 4 stars"
362,116,L,RPJ 053813-703641,84.55616666666666,-70.61138888888888,9.0,256.2,,1.3,"c, ring, diffuse"
363,1962,P,RPJ 053816-704203,84.56908333333332,-70.70091666666666,7.1,240.2,26.4,,"irreg, VLE-H{alpha}>[OIII], p"
364,223,P,RPJ 053826-693251,84.61179166666666,-69.54766666666666,7.0,269.2,24.5,,"c, in HII region"
365,145,T,RPJ 053836-701225,84.65129166666665,-70.2069722222222,3.0,239.0,,1.1,"e, f, H{alpha} only"
366,144,T,RPJ 053838-701325,84.6595,-70.22375,5.0,280.1,19.8,,"e, s, H{alpha} only"
367,90,T,RPJ 053840-701901,84.67020833333332,-70.31705555555554,4.6,236.4,,0.5,"e, p"
368,247,P,RPJ 053848-693407,84.70104166666665,-69.5688611111111,4.5,300.9,,0.6,"c, s, in HII region"
369,256,P,RPJ 053851-694451,84.71395833333332,-69.74752777777776,10.1,266.9,,0.9,"c, f halo, VLE"
370,89,T,RPJ 053856-702121,84.73504166666666,-70.356,6.0,244.5,19.5,,"e, H{alpha} only"
371,246,P,RPJ 053857-693356,84.73829166666665,-69.56569444444443,7.0,260.4,,1.3,"c, in HII region"
372,219,P,RPJ 053902-693509,84.76145833333332,-69.58591666666666,3.0,266.1,33.3,,"c, p, in HII region"
373,182,L,RPJ 053905-695045,84.77133333333332,-69.84608333333333,7.0,266.3,,1.4,"e, diffuse, H{alpha} only"
374,1951,L,RPJ 053906-711943,84.77891666666666,-71.32874999999999,6.0,270.4,,1.8,"irreg, diffuse, f, H{alpha} only"
375,218,P,RPJ 053907-693514,84.78041666666665,-69.58744444444443,14.0,266.8,,1.5,"c, b, in HII region, VLE"
376,1024,T,RPJ 053916-683527,84.81870833333332,-68.591,4.0,297.5,,2.5,"c, H{alpha} only"
377,86,T,RPJ 053922-703124,84.84349999999999,-70.52333333333333,12.0,272.9,,0.7,"irreg, f, diffuse, 4 stars"
378,268,P,RPJ 053930-685857,84.87562499999999,-68.98269444444443,4.0,268.8,17.4,,"c, ds, in HII region"
379,143,T,RPJ 053931-700615,84.88020833333333,-70.10427777777777,11.0,264.7,,1.8,"irreg, b"
380,142,T,RPJ 053935-700614,84.89654166666665,-70.10397222222221,5.0,258.2,,1.0,"e, H{alpha} only"
381,624,T,RPJ 053935-704726,84.89774999999999,-70.79080555555555,10.0,234.5,,0.8,"irreg, f, diffuse, H{alpha} only"
382,618,P,RPJ 053942-711044,84.92762499999999,-71.17888888888888,3.2,,,,"c, VLE, f, diffuse"
383,35,T,RPJ 053950-712801,84.96137499999999,-71.46699999999998,7.2,268.6,,1.5,"e, circular wings 9.7x6arcsec^2^"
384,46,T,RPJ 053952-710902,84.96770833333332,-71.15066666666665,4.0,,,,"e, s, f"
385,44,T,RPJ 053956-710922,84.98516666666666,-71.15627777777777,5.3,238.5,,0.9,"e, p"
386,393,T,RPJ 053957-672557,84.99066666666666,-67.4326111111111,9.0,301.0,,0.9,"e, b, H{alpha} only"
387,242,P,RPJ 054008-685826,85.03583333333331,-68.97399999999999,7.0,263.5,23.3,,"c, b, s, in HII"
388,288,P,RPJ 054019-682919,85.08166666666665,-68.4888611111111,3.5,,,,"s, f"
389,241,P,RPJ 054020-691300,85.08616666666666,-69.21688888888887,6.0,270.5,15.8,,"c, s, in HII region"
390,5,P,RPJ 054028-705609,85.11708333333333,-70.9358611111111,9.2,248.2,18.7,,"irreg, f, d"
391,178,T,RPJ 054028-695439,85.11879166666665,-69.91097222222221,4.6,272.4,17.5,,"c, p"
392,85,L,RPJ 054033-703240,85.13987499999999,-70.54452777777777,4.0,278.9,,1.7,"c, b"
393,1,L,RPJ 054038-705538,85.15833333333332,-70.92724999999999,13.0,261.2,,1.0,"irreg, f, diffuse"
394,105,T,RPJ 054045-702806,85.18858333333333,-70.46852777777777,12.0,248.6,,2.2,"e, b, large"
395,125,T,RPJ 054053-704508,85.22295833333332,-70.75227777777776,6.0,261.5,18.3,,"c, f, diffuse"
396,1018,P,RPJ 054055-683954,85.22945833333333,-68.6651111111111,4.8,282.6,16.7,,"p, s"
397,240,P,RPJ 054055-691409,85.23108333333332,-69.23608333333333,6.0,259.0,16.8,,"e, f"
398,97,P,RPJ 054057-701838,85.240625,-70.31055555555555,6.0,240.9,,1.0,"e, VLE, f"
399,95,T,RPJ 054113-702324,85.30720833333332,-70.39019444444443,10.0,254.0,15.8,,"e, f, diffuse"
400,127,L,RPJ 054121-710014,85.33841666666666,-71.00391666666665,7.0,245.0,,5.0,"e, H{alpha} only"
401,613,P,RPJ 054124-710030,85.35095833333332,-71.00849999999998,11.5,238.6,18.2,,"e, f, diffuse, H{alpha} only"
402,72,L,RPJ 054124-710018,85.35191666666665,-71.00513888888888,7.0,,,,"e, b"
403,277,P,RPJ 054126-684802,85.36095833333331,-68.80072222222222,4.8,276.1,,3.4,"c, f, p"
404,111,T,RPJ 054127-703207,85.36466666666665,-70.53552777777777,5.0,264.3,17.5,,"e, H{alpha} only"
405,397,T,RPJ 054152-702818,85.47062499999998,-70.47188888888888,5.3,265.5,17.4,,"e, H{alpha} only"
406,619,T,RPJ 054153-710415,85.47462499999999,-71.0708611111111,5.4,244.3,20.7,,"e, f, H{alpha} only, behind star"
407,93,T,RPJ 054202-702459,85.50899999999999,-70.41658333333332,5.0,271.3,15.8,,"c, b"
408,614,T,RPJ 054206-703026,85.52599999999998,-70.50724999999998,10.0,278.5,34.0,,"e, hidden by star"
409,1046,T,RPJ 054206-665710,85.52695833333333,-66.95291666666665,4.6,291.6,17.3,,"e, f, H{alpha} only"
410,622,T,RPJ 054221-705708,85.58766666666665,-70.95224999999999,7.4,273.2,20.8,,"irreg, f, diffuse, H{alpha} only"
411,61,T,RPJ 054226-704940,85.60920833333333,-70.82788888888888,6.5,234.9,20.0,,"e, s, p"
412,188,P,RPJ 054232-694024,85.63645833333332,-69.6733611111111,6.0,281.3,24.4,,"irreg, VLE, hidden"
413,187,P,RPJ 054236-694023,85.65024999999999,-69.67322222222221,7.0,271.1,,7.2,"irreg, f, diffuse, H{alpha} only"
414,9,T,RPJ 054236-702859,85.65204166666665,-70.48313888888887,5.7,269.7,,3.6,"c, f, diffuse"
415,135,T,RPJ 054238-700438,85.66179166666666,-70.07733333333333,4.0,271.4,,0.6,"c, s, p"
416,70,T,RPJ 054302-703332,85.75895833333333,-70.55894444444444,8.3,237.6,,0.9,"e, f, diffuse"
417,307,P,RPJ 054312-675053,85.80170833333332,-67.84816666666666,4.0,305.0,18.5,,"e, 3 stars, in HII region"
418,162,T,RPJ 054317-695651,85.82345833333332,-69.9476111111111,6.1,264.7,,0.8,"c, ds, s"
419,384,T,RPJ 054322-670756,85.844,-67.13224999999998,8.0,293.1,17.3,,"e, f, H{alpha} only"
420,264,P,RPJ 054330-692446,85.87620833333332,-69.41291666666666,3.0,279.3,20.7,,"e, s, f, H{alpha} only, VLE"
421,254,P,RPJ 054337-692009,85.90445833333332,-69.33605555555555,11.5,248.2,,1.5,"c, p, diffuse"
422,1958,P,RPJ 054338-703401,85.91162499999999,-70.56713888888888,7.0,266.6,,1.3,"poss c, b, hidden"
423,621,P,RPJ 054346-705804,85.94579166666665,-70.96780555555554,8.7,275.9,15.6,,"e, f, diffuse, H{alpha} only"
424,203,T,RPJ 054415-691050,86.06270833333332,-69.18055555555554,9.0,288.3,,0.9,"e, diffuse, H{alpha} only"
425,251,P,RPJ 054415-691722,86.06587499999999,-69.28952777777776,10.0,275.4,19.1,,"c, b, s, halo, VLE"
426,198,P,RPJ 054419-692442,86.07966666666665,-69.41172222222221,11.7,,,,"VLE, c"
427,202,T,RPJ 054419-691204,86.08179166666666,-69.20130555555555,4.0,291.0,,1.3,"e, H{alpha} only"
428,62,T,RPJ 054422-704043,86.09441666666666,-70.6787222222222,6.0,244.1,16.5,,"irreg, s, diffuse"
429,250,P,RPJ 054425-691642,86.10570833333333,-69.27858333333333,5.5,258.4,,2.0,"c, ds, symb or PN + star"
430,163,P,RPJ 054428-695443,86.11962499999998,-69.9121111111111,6.7,266.7,,0.6,"c, f, H{alpha} only, diffuse"
431,359,T,RPJ 054431-673151,86.131875,-67.53091666666666,5.7,285.0,,0.8,"c, f, diffuse, H{alpha} only"
432,637,T,RPJ 054437-691947,86.15529166666666,-69.3298611111111,5.3,263.3,,1.9,"c, s, H{alpha} only"
433,189,P,RPJ 054448-693859,86.20041666666665,-69.64994444444443,10.0,261.0,,0.8,"e, in HII region"
434,252,P,RPJ 054500-691819,86.250875,-69.30533333333332,5.5,263.4,,3.5,"c, f, VLE"
435,396,T,RPJ 054501-673034,86.25683333333332,-67.50944444444444,11.0,290.7,18.9,,"c, p diffuse"
436,263,P,RPJ 054511-691013,86.29587499999998,-69.17047222222222,3.8,261.2,23.6,,"c, s, VLE, in HII"
437,1954,T,RPJ 054512-705905,86.30220833333333,-70.9848611111111,8.0,265.9,,1.3,"e, f, diffuse, H{alpha} only"
438,217,P,RPJ 054515-693837,86.31254166666666,-69.64369444444444,8.0,254.0,,1.3,"c, p, in HII"
439,2202,L,RPJ 054515-694648,86.31583333333332,-69.7801111111111,5.3,,,,"c, p, in HII"
440,615,T,RPJ 054519-711603,86.33008333333332,-71.26752777777777,7.3,290.0,23.9,,"e, b"
441,77,T,RPJ 054534-704303,86.39229166666665,-70.71775,10.0,222.3,,1.4,"s, p, diffuse halo"
442,620,T,RPJ 054553-705516,86.47195833333332,-70.9211111111111,6.0,248.3,16.7,,"c, diffuse, f, H{alpha} only"
443,261,P,RPJ 054558-690857,86.49229166666666,-69.14930555555554,10.7,230.9,19.3,,"e, b, VLE + star"
444,1038,T,RPJ 054606-700457,86.52883333333332,-70.08263888888888,4.5,233.5,21.8,,"e, f, H{alpha} only"
445,207,L,RPJ 054614-685350,86.56108333333331,-68.89744444444443,6.0,259.9,,1.0,"c, b, H{alpha} stream to the SE"
446,194,T,RPJ 054621-693531,86.58816666666665,-69.5921111111111,4.6,298.3,16.6,,"e, H{alpha} only"
447,99,T,RPJ 054623-702555,86.59979166666666,-70.43216666666666,5.0,306.0,,5.8,"c, s, H{alpha} east"
448,1955,T,RPJ 054632-705534,86.63595833333332,-70.9261111111111,5.3,288.6,19.7,,"c, s, b, H{alpha} only"
449,1956,T,RPJ 054639-705650,86.66408333333332,-70.94722222222221,5.0,280.5,,0.9,"e, s"
450,172,T,RPJ 054653-695133,86.72120833333332,-69.85927777777776,4.0,256.6,,1.9,"e, s, f, H{alpha} only"
451,103,T,RPJ 054701-702842,86.75637499999999,-70.47847222222221,6.0,253.1,,1.7,"e, b"
452,122,T,RPJ 054728-702015,86.86958333333332,-70.33774999999999,9.0,244.9,20.9,,"e, f, diffuse"
453,130,P,RPJ 054819-700523,87.08075,-70.08994444444444,6.0,245.7,25.2,,"c, in HII"
454,295,P,RPJ 054822-675853,87.09274999999998,-67.98144444444443,7.2,306.3,20.7,,"c, VLE"
455,129,T,RPJ 054829-700846,87.12133333333333,-70.14625,12.0,234.2,17.4,,"e, b, poss. Symbiotic"
456,102,T,RPJ 054920-702809,87.33549999999998,-70.46924999999999,6.0,271.1,,1.5,"c, f, diffuse"
457,120,P,RPJ 054931-700945,87.38162499999999,-70.16274999999999,4.7,245.8,,1.6,"c, s, in HII region"
458,18,T,RPJ 054953-700855,87.471375,-70.14877777777777,4.7,233.8,,2.0,"irreg, f, in HII region"
459,1957,T,RPJ 055004-704035,87.51804166666665,-70.67649999999999,4.6,263.9,19.3,,"e, f, H{alpha} only"
460,171,T,RPJ 055059-695824,87.74937499999999,-69.97347222222221,5.4,298.3,,6.4,"e, s, H{alpha} only"
